old_path,new_path
frontend/components/AdminPanel.tsx,frontend/domains/admin/components/AdminPanel.tsx
frontend/components/admin-bond-selector.tsx,frontend/domains/admin/components/admin-bond-selector.tsx
frontend/components/admin-content.tsx,frontend/domains/admin/components/admin-content.tsx
frontend/components/lifecycle-panel.tsx,frontend/domains/admin/components/lifecycle-panel.tsx
frontend/components/repayment-panel.tsx,frontend/domains/admin/components/repayment-panel.tsx
frontend/hooks/useAdminPanel.ts,frontend/domains/admin/hooks/useAdminPanel.ts
frontend/components/MarketList.tsx,frontend/domains/marketplace/components/MarketList.tsx
frontend/components/marketplace-content.tsx,frontend/domains/marketplace/components/marketplace-content.tsx
frontend/components/sell-order-card.tsx,frontend/domains/marketplace/components/sell-order-card.tsx
frontend/components/SellModal.tsx,frontend/domains/marketplace/components/SellModal.tsx
frontend/hooks/useMarketplace.ts,frontend/domains/marketplace/hooks/useMarketplace.ts
frontend/components/InvestCard.tsx,frontend/domains/investment/components/InvestCard.tsx
frontend/components/investment-form.tsx,frontend/domains/investment/components/investment-form.tsx
frontend/components/claim-button.tsx,frontend/domains/investment/components/claim-button.tsx
frontend/hooks/useInvestment.ts,frontend/domains/investment/hooks/useInvestment.ts
frontend/hooks/usePortfolio.ts,frontend/domains/investment/hooks/usePortfolio.ts
frontend/components/property-card.tsx,frontend/domains/projects/components/property-card.tsx
frontend/components/property-detail.tsx,frontend/domains/projects/components/property-detail.tsx
frontend/components/bond-card.tsx,frontend/domains/projects/components/bond-card.tsx
frontend/data/projects.json,frontend/domains/projects/data/projects.json
frontend/lib/projects.ts,frontend/domains/projects/lib/projects.ts
frontend/contexts/ProjectContext.tsx,frontend/domains/projects/contexts/ProjectContext.tsx
frontend/hooks/useProjects.ts,frontend/domains/projects/hooks/useProjects.ts
frontend/components/ui/*,frontend/shared/ui/*
frontend/components/theme-provider.tsx,frontend/shared/ui/theme-provider.tsx
frontend/components/error-boundary.tsx,frontend/shared/ui/error-boundary.tsx
frontend/components/order-creation-error-boundary.tsx,frontend/shared/ui/order-creation-error-boundary.tsx
frontend/components/dashboard-layout.tsx,frontend/shared/ui/dashboard-layout.tsx
frontend/components/dashboard-content.tsx,frontend/shared/ui/dashboard-content.tsx
frontend/components/stats-card.tsx,frontend/shared/ui/stats-card.tsx
frontend/components/WalletConnect.tsx,frontend/shared/ui/WalletConnect.tsx
frontend/components/Web3Provider.tsx,frontend/shared/ui/Web3Provider.tsx
frontend/components/UserDashboard.tsx,frontend/shared/ui/UserDashboard.tsx
frontend/hooks/use-media-query.ts,frontend/shared/hooks/use-media-query.ts
frontend/hooks/use-mobile.ts,frontend/shared/hooks/use-mobile.ts
frontend/hooks/use-toast.ts,frontend/shared/hooks/use-toast.ts
frontend/hooks/useWebSocket.ts,frontend/shared/hooks/useWebSocket.ts
frontend/lib/animations.ts,frontend/shared/lib/animations.ts
frontend/lib/utils.ts,frontend/shared/lib/utils.ts
frontend/lib/validation.ts,frontend/shared/lib/validation.ts
frontend/lib/wagmi-config.ts,frontend/shared/lib/wagmi-config.ts
frontend/lib/order-validation.ts,frontend/domains/marketplace/lib/order-validation.ts
frontend/lib/contracts.ts,frontend/shared/lib/contracts.ts
frontend/lib/abis/*,frontend/shared/lib/abis/*
